,n,mean,median,std,min,max,p1,p99
ROA,16387,-61.682552,2.000860,6472.014101,-826396.000000,6091.184573,-126.465091,35.567174
