N,Mean_USD,Median_USD,StdDev_USD,Min_USD,Max_USD
17004,1339869605.412256,10866500.0,37632470175.25795,-1526680000000.0,2081140000000.0
