,NIAT,ROA
NIAT,1.0,0.0005966943924559891
ROA,0.0005966943924559891,1.0
