panel,outcome,lag,entities,obs_used,clustered_SEs,coef_Employees,p_Employees,coef_Debt,p_Debt,note
Non-COVID 2008–2019 & 2022–2024,ROA,0,265,1502,entity+year,1.1163370285223639e-05,0.15816601509807615,-2.491299107766723e-11,0.15528227481683832,
Non-COVID 2008–2019 & 2022–2024,NIAT,0,265,1502,entity+year,5634.691157855748,0.5135908424338997,-0.11771185706440636,0.041231217130328845,
Non-COVID 2008–2019 & 2022–2024,ROA,1,265,1467,entity+year,6.2971251003426395e-06,0.31234977661012775,-4.7848098294900973e-11,0.04093445543283103,
Non-COVID 2008–2019 & 2022–2024,NIAT,1,265,1467,entity+year,-97.9588437821388,0.9802179328531455,-0.07232981371209983,0.15763710590489444,
Non-COVID 2008–2019 & 2022–2024,ROA,2,251,1244,entity+year,1.2190440167390103e-06,0.8367912212757356,-5.741837777682396e-11,0.03582433931113904,
Non-COVID 2008–2019 & 2022–2024,NIAT,2,251,1244,entity+year,-1408.3832965922147,0.6672902981183682,-0.07524610650939262,0.05382715685677253,
